<?xml version="1.0" encoding="utf-8"?>
<extension type="plugin" group="system" method="upgrade" version="5.0">
    <name>PLG_SYSTEM_ECCADMIN</name>
    <version>1.0.1</version>
    <creationDate>2025-09-04</creationDate>
    <author>UPC eCommerceConnect</author>
    <description>PLG_SYSTEM_ECCADMIN_DESC</description>
    <files>
        <filename plugin="eccadmin">eccadmin.php</filename>
        <folder>language</folder>
    </files>
    <languages>
        <language tag="en-GB">language/en-GB/en-GB.plg_system_eccadmin.ini</language>
        <language tag="uk-UA">language/uk-UA/uk-UA.plg_system_eccadmin.ini</language>
    </languages>
    <config />
</extension>
