<?xml version="1.0" encoding="utf-8"?>
<extension type="plugin" group="j2store" method="upgrade" version="5.0">
    <name>PLG_J2STORE_PAYMENT_ECOMMERCECONNECT</name>
    <creationDate>2025-08-28</creationDate>
    <author>UPC ECOMMERCECONNECT</author>
    <version>1.0.1</version>
    <description>PLG_J2STORE_PAYMENT_ECOMMERCECONNECT_DESC</description>

    <files>
        <filename plugin="payment_ecommerceconnect">payment_ecommerceconnect.php</filename>
        <folder>payment_ecommerceconnect</folder>
        <folder>language</folder>
        <folder>src</folder>
    </files>

    <languages>
        <!-- site -->
        <language tag="en-GB" client="site">language/en-GB/en-GB.plg_j2store_payment_ecommerceconnect.ini</language>
        <language tag="uk-UA" client="site">language/uk-UA/uk-UA.plg_j2store_payment_ecommerceconnect.ini</language>

        <!-- administrator: основний ini ТЕЖЕ потрібен тут для лейблів у формі -->
        <language tag="en-GB" client="administrator">language/en-GB/en-GB.plg_j2store_payment_ecommerceconnect.ini</language>
        <language tag="uk-UA" client="administrator">language/uk-UA/uk-UA.plg_j2store_payment_ecommerceconnect.ini</language>

        <!-- administrator (для назви/опису в менеджері розширень) -->
        <language tag="en-GB" client="administrator">language/en-GB/en-GB.plg_j2store_payment_ecommerceconnect.sys.ini</language>
        <language tag="uk-UA" client="administrator">language/uk-UA/uk-UA.plg_j2store_payment_ecommerceconnect.sys.ini</language>
    </languages>

    <config>
        <fields name="params">
            <fieldset name="basic" label="PLG_ECC_FIELDSET_BASIC">
                <field name="enabled" type="radio" label="JENABLED" default="1">
                    <option value="1">JYES</option>
                    <option value="0">JNO</option>
                </field>

                <field name="title" type="text" label="PLG_ECC_TITLE" default="eCommerceConnect"/>
                <field name="description" type="textarea" label="PLG_ECC_DESCRIPTION" default="Pay with eCommerceConnect (Debit/Credit Cards)" rows="2"/>

                <field name="testmode" type="radio"
                       label="PLG_ECC_PARAM_TESTMODE_LABEL"
                       description="PLG_ECC_PARAM_TESTMODE_DESC"
                       default="1">
                    <option value="1">JYES</option>
                    <option value="0">JNO</option>
                </field>

                <field name="url" type="text"
                       label="PLG_ECC_PARAM_URL_LABEL"
                       description="PLG_ECC_PARAM_URL_DESC"/>

                <field name="merchant_id" type="text"
                       label="PLG_ECC_PARAM_MERCHANT_ID_LABEL"
                       description="PLG_ECC_PARAM_MERCHANT_ID_DESC"/>

                <field name="terminal_id" type="text"
                       label="PLG_ECC_PARAM_TERMINAL_ID_LABEL"
                       description="PLG_ECC_PARAM_TERMINAL_ID_DESC"/>

                <!-- Валюти: ISO 4217 numeric (як у Woo-плагіні) -->
                <field name="currency" type="list"
                       label="PLG_ECC_PARAM_CURRENCY_LABEL"
                       description="PLG_ECC_PARAM_CURRENCY_DESC"
                       default="980">
                    <option value="840">USD – 840</option>
                    <option value="978">EUR – 978</option>
                    <option value="980">UAH – 980</option>
                    <option value="977">BAM – 977</option>
                    <option value="348">HUF – 348</option>
                    <option value="975">BGN – 975</option>
                    <option value="941">RSD – 941</option>
                    <option value="008">ALL – 008</option>
                </field>

                <field name="alt_currency" type="list"
                       label="PLG_ECC_PARAM_ALTCURRENCY_LABEL"
                       description="PLG_ECC_PARAM_ALTCURRENCY_DESC"
                       default="840">
                    <option value="840">USD – 840</option>
                    <option value="978">EUR – 978</option>
                </field>
                <field name="eur_conversion" type="number"
                       label="PLG_ECC_PARAM_EUR_RATE_LABEL"
                       description="PLG_ECC_PARAM_EUR_RATE_DESC"
                       default="1" step="0.0001" min="0"/>

                <field name="usd_conversion" type="number"
                       label="PLG_ECC_PARAM_USD_RATE_LABEL"
                       description="PLG_ECC_PARAM_USD_RATE_DESC"
                       default="1" step="0.0001" min="0"/>

                <field name="private_key" type="textarea"
                       label="PLG_ECC_PARAM_PRIVATE_KEY_LABEL"
                       description="PLG_ECC_PARAM_PRIVATE_KEY_DESC"
                       rows="6"/>

                <field name="private_key_test" type="textarea"
                       label="PLG_ECC_PARAM_PRIVATE_KEY_TEST_LABEL"
                       description="PLG_ECC_PARAM_PRIVATE_KEY_TEST_DESC"
                       rows="6"/>

                <field name="work_crt" type="textarea"
                       label="PLG_ECC_PARAM_CERT_WORK_LABEL"
                       description="PLG_ECC_PARAM_CERT_WORK_DESC"
                       rows="6"/>

                <field name="test_crt" type="textarea"
                       label="PLG_ECC_PARAM_CERT_TEST_LABEL"
                       description="PLG_ECC_PARAM_CERT_TEST_DESC"
                       rows="6"/>

                <field name="txn_type" type="list"
                       label="PLG_ECC_PARAM_PREAUTH_LABEL"
                       description="PLG_ECC_PARAM_PREAUTH_DESC"
                       default="sale">
                    <option value="sale">Sale</option>
                    <option value="authorize">Pre-authorization</option>
                </field>

                <field name="skip_form" type="radio"
                       label="PLG_ECC_PARAM_SKIP_FORM_LABEL"
                       description="PLG_ECC_PARAM_SKIP_FORM_DESC"
                       default="0">
                    <option value="1">JYES</option>
                    <option value="0">JNO</option>
                </field>

                <field name="lang" type="list"
                       label="PLG_ECC_PARAM_LANG_LABEL"
                       description="PLG_ECC_PARAM_LANG_DESC"
                       default="en">
                    <option value="en">English</option>
                    <option value="uk">Ukrainian</option>
                    <option value="sr">Serbian</option>
                    <option value="hu">Hungarian</option>
                    <option value="bg">Bulgarian</option>
                    <option value="sq">Albanian</option>
                    <option value="bs">Bosnian</option>
                    <option value="de">German</option>
                </field>

                <field name="custom_success_status" type="text"
                       label="PLG_ECC_PARAM_CUSTOM_SUCCESS_STATUS_LABEL"
                       description="PLG_ECC_PARAM_CUSTOM_SUCCESS_STATUS_DESC"
                       default="processing"/>
            </fieldset>
        </fields>
    </config>
</extension>
